<?xml version="1.0" encoding="UTF-8"?>
<project-private xmlns="http://www.netbeans.org/ns/project-private/1">
    <editor-bookmarks xmlns="http://www.netbeans.org/ns/editor-bookmarks/2" lastBookmarkId="0"/>
    <open-files xmlns="http://www.netbeans.org/ns/projectui-open-files/2">
        <group>
            <file>file:/E:/Taller/NetBeansProjects/Adicional1/src/adicional1/Paciente.java</file>
            <file>file:/E:/Taller/NetBeansProjects/Adicional1/src/adicional1/grupoAlfa.java</file>
            <file>file:/E:/Taller/NetBeansProjects/Adicional1/src/adicional1/Grupo.java</file>
            <file>file:/E:/Taller/NetBeansProjects/Adicional1/src/adicional1/grupoBeta.java</file>
            <file>file:/E:/Taller/NetBeansProjects/Adicional1/src/adicional1/Adicional1.java</file>
        </group>
    </open-files>
</project-private>
